款,項,目,名,總額
市議會主管,市議會,一般行政,行政管理,198789794
市議會主管,市議會,議事業務,大會議事工作,104793610
市議會主管,市議會,議事業務,經常議事工作,454816327
市議會主管,市議會,公共關係業務,公共關係,35616568
市議會主管,市議會,建築及設備,其他設備,12004500
市議會主管,市議會,建築及設備,營建工程,0
市議會主管,市議會,第一預備金,第一預備金,6680000
市政府主管,秘書處,一般行政,行政管理,177080164
市政府主管,秘書處,市政綜理業務,市政綜理,62588827
市政府主管,秘書處,聯合服務,為民服務,7694318
市政府主管,秘書處,公共關係業務,公共關係,25862919
市政府主管,秘書處,新聞發布,發布市政新聞,19142951
市政府主管,秘書處,建築及設備,營建工程,699475
市政府主管,秘書處,建築及設備,其他設備,1235272
市政府主管,秘書處,建築及設備,交通及運輸設備,0
市政府主管,秘書處,第一預備金,第一預備金,3900000
市政府主管,市政大樓公共事務管理中,一般行政,行政管理,21657828
市政府主管,市政大樓公共事務管理中,市政大樓公管業務,事務管理,62393825
市政府主管,市政大樓公共事務管理中,市政大樓公管業務,機電設備管理,152437971
市政府主管,市政大樓公共事務管理中,市政大樓公管業務,安全防護管理,61716550
市政府主管,市政大樓公共事務管理中,建築及設備,營建工程,86341630
市政府主管,市政大樓公共事務管理中,建築及設備,其他設備,23446868
市政府主管,主計處,一般行政,行政管理,54149899
市政府主管,主計處,歲計會計業務,總預算核編及督導執,23331029
市政府主管,主計處,歲計會計業務,附屬及特別預算核編,14579384
市政府主管,主計處,歲計會計業務,總會計事務處理及總,16775564
市政府主管,主計處,統計業務,公務統計,13726459
市政府主管,主計處,統計業務,經濟統計,40075251
市政府主管,主計處,建築及設備,其他設備,551200
市政府主管,主計處,建築及設備,交通及運輸設備,0
市政府主管,主計處,第一預備金,第一預備金,600000
市政府主管,人事處,一般行政,行政管理,40725212
市政府主管,人事處,組織及管理,組織及管理,13227081
市政府主管,人事處,任免考試,任免考試,15051196
市政府主管,人事處,考核訓練,考核訓練,15998002
市政府主管,人事處,待遇福利退休撫卹業務,待遇福利及退休撫卹,20386107
市政府主管,人事處,人事資訊業務,人事資訊管理,21816008
市政府主管,人事處,建築及設備,其他設備,649000
市政府主管,人事處,建築及設備,營建工程,821748
市政府主管,人事處,第一預備金,第一預備金,300000
市政府主管,政風處,一般行政,行政管理,27872503
市政府主管,政風處,政風組織及維護管理,政風組織及維護管理,9067993
市政府主管,政風處,端正政風,政風查處,15954820
市政府主管,政風處,貪瀆預防,貪瀆預防及法令宣導,17393279
市政府主管,政風處,建築及設備,交通及運輸設備,0
市政府主管,政風處,建築及設備,其他設備,492683
市政府主管,政風處,第一預備金,第一預備金,200000
市政府主管,公務人員訓練處,一般行政,行政管理,38074380
市政府主管,公務人員訓練處,訓練業務,在職訓練,94536012
市政府主管,公務人員訓練處,建築及設備,營建工程,10128898
市政府主管,公務人員訓練處,建築及設備,其他設備,1710364
市政府主管,公務人員訓練處,第一預備金,第一預備金,225000
市政府主管,研究發展考核委員會,一般行政,行政管理,27190702
市政府主管,研究發展考核委員會,研究發展,市政研究發展及革新,18122529
市政府主管,研究發展考核委員會,管制及考核,施政計畫管制考核,15518619
市政府主管,研究發展考核委員會,為民服務,為民服務暨公文查核,12981143
市政府主管,研究發展考核委員會,市政資料管理,資料及資訊管理,8656524
市政府主管,研究發展考核委員會,計畫作業,計畫評估及編審,17020026
市政府主管,研究發展考核委員會,話務管理,話務管理,95856588
市政府主管,研究發展考核委員會,建築及設備,其他設備,482200
市政府主管,研究發展考核委員會,第一預備金,第一預備金,800000
市政府主管,都市計畫委員會,一般行政,行政管理,7288360
市政府主管,都市計畫委員會,都市計畫業務,都市計畫審議,9975401
市政府主管,都市計畫委員會,建築及設備,其他設備,528400
市政府主管,都市計畫委員會,第一預備金,第一預備金,50000
市政府主管,原住民族事務委員會,一般行政,行政管理,12442370
市政府主管,原住民族事務委員會,綜合企劃業務,綜合企劃業務,19147237
市政府主管,原住民族事務委員會,原住民教育文化業務,原住民教育文化業務,65586577
市政府主管,原住民族事務委員會,原住民經濟建設業務,原住民經濟建設業務,22661003
市政府主管,原住民族事務委員會,原住民社會福利業務,原住民社會福利業務,90163014
市政府主管,原住民族事務委員會,建築及設備,營建工程,19995400
市政府主管,原住民族事務委員會,建築及設備,其他設備,1490720
市政府主管,原住民族事務委員會,第一預備金,第一預備金,500000
市政府主管,客家事務委員會,一般行政,行政管理,22875292
市政府主管,客家事務委員會,客家政策研究發展,研究發展業務,94216642
市政府主管,客家事務委員會,客家語言文化推廣,文教推廣業務,68341931
市政府主管,客家事務委員會,建築及設備,營建工程,1680000
市政府主管,客家事務委員會,建築及設備,其他設備,2832900
市政府主管,客家事務委員會,第一預備金,第一預備金,600000
市政府主管,松山區公所,一般行政,行政管理,44645917
市政府主管,松山區公所,區政業務,區政管理,150129947
市政府主管,松山區公所,接受補助業務支出,接受中央各部會補助,8939328
市政府主管,松山區公所,建築及設備,營建工程,18959358
市政府主管,松山區公所,建築及設備,交通及運輸設備,63000
市政府主管,松山區公所,建築及設備,其他設備,675630
市政府主管,松山區公所,第一預備金,第一預備金,800000
市政府主管,松山區公所,道路橋樑工程,道路及橋樑工程,0
市政府主管,松山區公所,公園綠化及風景區工程,公園及綠化工程,0
市政府主管,信義區公所,一般行政,行政管理,49385953
市政府主管,信義區公所,區政業務,區政管理,166103407
市政府主管,信義區公所,接受補助業務支出,接受中央各部會補助,448500
市政府主管,信義區公所,建築及設備,營建工程,12981623
市政府主管,信義區公所,建築及設備,其他設備,1887380
市政府主管,信義區公所,第一預備金,第一預備金,800000
市政府主管,信義區公所,道路橋樑工程,道路及橋樑工程,0
市政府主管,信義區公所,公園綠化及風景區工程,公園及綠化工程,0
市政府主管,大安區公所,一般行政,行政管理,54345759
市政府主管,大安區公所,區政業務,區政管理,195752490
市政府主管,大安區公所,接受補助業務支出,接受中央各部會補助,448500
市政府主管,大安區公所,建築及設備,營建工程,251120
市政府主管,大安區公所,建築及設備,其他設備,2049454
市政府主管,大安區公所,第一預備金,第一預備金,800000
市政府主管,大安區公所,道路橋樑工程,道路及橋樑工程,0
市政府主管,大安區公所,公園綠化及風景區工程,公園及綠化工程,0
市政府主管,中山區公所,一般行政,行政管理,51989129
市政府主管,中山區公所,區政業務,區政管理,166786467
市政府主管,中山區公所,接受補助業務支出,接受中央各部會補助,13597348
市政府主管,中山區公所,建築及設備,營建工程,5212072
市政府主管,中山區公所,建築及設備,其他設備,1347517
市政府主管,中山區公所,第一預備金,第一預備金,800000
市政府主管,中山區公所,道路橋樑工程,道路及橋樑工程,0
市政府主管,中山區公所,公園綠化及風景區工程,公園及綠化工程,0
市政府主管,中正區公所,一般行政,行政管理,42005073
市政府主管,中正區公所,區政業務,區政管理,124202634
市政府主管,中正區公所,接受補助業務支出,接受中央各部會補助,448500
市政府主管,中正區公所,建築及設備,營建工程,37115653
市政府主管,中正區公所,建築及設備,其他設備,1485565
市政府主管,中正區公所,第一預備金,第一預備金,800000
市政府主管,中正區公所,道路橋樑工程,道路及橋樑工程,0
市政府主管,中正區公所,公園綠化及風景區工程,公園及綠化工程,0
市政府主管,大同區公所,一般行政,行政管理,51833411
市政府主管,大同區公所,區政業務,區政管理,99444494
市政府主管,大同區公所,接受補助業務支出,接受中央各部會補助,3421635
市政府主管,大同區公所,建築及設備,營建工程,11659224
市政府主管,大同區公所,建築及設備,其他設備,742500
市政府主管,大同區公所,第一預備金,第一預備金,800000
市政府主管,大同區公所,道路橋樑工程,道路及橋樑工程,0
市政府主管,大同區公所,公園綠化及風景區工程,公園及綠化工程,0
市政府主管,萬華區公所,一般行政,行政管理,67720203
市政府主管,萬華區公所,區政業務,區政管理,142503839
市政府主管,萬華區公所,接受補助業務支出,接受中央各部會補助,448500
市政府主管,萬華區公所,建築及設備,營建工程,9982153
市政府主管,萬華區公所,建築及設備,其他設備,2161700
市政府主管,萬華區公所,第一預備金,第一預備金,800000
市政府主管,萬華區公所,道路橋樑工程,道路及橋樑工程,0
市政府主管,萬華區公所,公園綠化及風景區工程,公園及綠化工程,0
市政府主管,文山區公所,一般行政,行政管理,52758857
市政府主管,文山區公所,區政業務,區政管理,174966220
市政府主管,文山區公所,接受補助業務支出,接受中央各部會補助,448500
市政府主管,文山區公所,建築及設備,營建工程,8704843
市政府主管,文山區公所,建築及設備,其他設備,1945076
市政府主管,文山區公所,建築及設備,交通及運輸設備,0
市政府主管,文山區公所,第一預備金,第一預備金,800000
市政府主管,文山區公所,道路橋樑工程,道路及橋樑工程,0
市政府主管,文山區公所,公園綠化及風景區工程,公園及綠化工程,0
市政府主管,南港區公所,一般行政,行政管理,44920756
市政府主管,南港區公所,區政業務,區政管理,92680106
市政府主管,南港區公所,接受補助業務支出,接受中央各部會補助,1424590
市政府主管,南港區公所,建築及設備,營建工程,12600000
市政府主管,南港區公所,建築及設備,其他設備,694675
市政府主管,南港區公所,第一預備金,第一預備金,800000
市政府主管,南港區公所,道路橋樑工程,道路及橋樑工程,0
市政府主管,南港區公所,公園綠化及風景區工程,公園及綠化工程,0
市政府主管,內湖區公所,一般行政,行政管理,50082129
市政府主管,內湖區公所,區政業務,區政管理,166084397
市政府主管,內湖區公所,接受補助業務支出,接受中央各部會補助,5948967
市政府主管,內湖區公所,建築及設備,營建工程,7634069
市政府主管,內湖區公所,建築及設備,其他設備,852730
市政府主管,內湖區公所,第一預備金,第一預備金,800000
市政府主管,內湖區公所,道路橋樑工程,道路及橋樑工程,0
市政府主管,內湖區公所,公園綠化及風景區工程,公園及綠化工程,0
市政府主管,士林區公所,一般行政,行政管理,53052237
市政府主管,士林區公所,區政業務,區政管理,196147390
市政府主管,士林區公所,接受補助業務支出,接受中央各部會補助,448500
市政府主管,士林區公所,建築及設備,營建工程,4323323
市政府主管,士林區公所,建築及設備,其他設備,1112150
市政府主管,士林區公所,第一預備金,第一預備金,800000
市政府主管,士林區公所,道路橋樑工程,道路及橋樑工程,0
市政府主管,士林區公所,公園綠化及風景區工程,公園及綠化工程,0
市政府主管,北投區公所,一般行政,行政管理,51026220
市政府主管,北投區公所,區政業務,區政管理,166776593
市政府主管,北投區公所,接受補助業務支出,接受中央各部會補助,448500
市政府主管,北投區公所,建築及設備,營建工程,8469952
市政府主管,北投區公所,建築及設備,其他設備,2023249
市政府主管,北投區公所,第一預備金,第一預備金,800000
市政府主管,北投區公所,道路橋樑工程,道路及橋樑工程,0
市政府主管,北投區公所,公園綠化及風景區工程,公園及綠化工程,0
民政局主管,民政局,一般行政,行政管理,86038556
民政局主管,民政局,區里行政,區政監督及區里組織,13502707
民政局主管,民政局,自治業務,推行自治行政暨基層,155695470
民政局主管,民政局,自治業務,民生社區中心管理,14559638
民政局主管,民政局,禮俗宗教,禮俗宗教業務,107620157
民政局主管,民政局,戶政業務,戶籍業務,44575508
民政局主管,民政局,人口行政,人口政策業務,601373346
民政局主管,民政局,建築及設備,營建工程,29118043
民政局主管,民政局,建築及設備,其他設備,4162670
民政局主管,民政局,建築及設備,交通及運輸設備,0
民政局主管,民政局,第一預備金,第一預備金,7000000
民政局主管,孔廟管理委員會,一般行政,行政管理,11819906
民政局主管,孔廟管理委員會,祭典及孔廟管理,祭典工作,4570854
民政局主管,孔廟管理委員會,祭典及孔廟管理,孔廟管理,17751271
民政局主管,孔廟管理委員會,建築及設備,營建工程,1680254
民政局主管,孔廟管理委員會,建築及設備,其他設備,468310
民政局主管,殯葬管理處,一般行政,行政管理,90941097
民政局主管,殯葬管理處,殯殮業務,殯殮管理,225297178
民政局主管,殯葬管理處,埋葬業務,埋葬管理,59192957
民政局主管,殯葬管理處,火葬業務,火葬管理,67873374
民政局主管,殯葬管理處,公墓靈(納)骨堂(塔)業,設置規劃管理,9539846
民政局主管,殯葬管理處,建築及設備,營建工程,442808834
民政局主管,殯葬管理處,建築及設備,其他設備,18640818
民政局主管,松山區戶政事務所,一般行政,行政管理,10647482
民政局主管,松山區戶政事務所,戶政業務,戶籍登記及管理,51511847
民政局主管,松山區戶政事務所,建築及設備,營建工程,292031
民政局主管,松山區戶政事務所,建築及設備,其他設備,552600
民政局主管,信義區戶政事務所,一般行政,行政管理,8552073
民政局主管,信義區戶政事務所,戶政業務,戶籍登記及管理,58245510
民政局主管,信義區戶政事務所,建築及設備,營建工程,1828676
民政局主管,信義區戶政事務所,建築及設備,其他設備,360553
民政局主管,大安區戶政事務所,一般行政,行政管理,11924415
民政局主管,大安區戶政事務所,戶政業務,戶籍登記及管理,80389788
民政局主管,大安區戶政事務所,建築及設備,其他設備,843900
民政局主管,中山區戶政事務所,一般行政,行政管理,10794019
民政局主管,中山區戶政事務所,戶政業務,戶籍登記及管理,58543687
民政局主管,中山區戶政事務所,建築及設備,營建工程,605053
民政局主管,中山區戶政事務所,建築及設備,其他設備,446141
民政局主管,中正區戶政事務所,一般行政,行政管理,9368885
民政局主管,中正區戶政事務所,戶政業務,戶籍登記及管理,46925136
民政局主管,中正區戶政事務所,建築及設備,營建工程,24321526
民政局主管,中正區戶政事務所,建築及設備,其他設備,369300
民政局主管,大同區戶政事務所,一般行政,行政管理,11588374
民政局主管,大同區戶政事務所,戶政業務,戶籍登記及管理,35568018
民政局主管,大同區戶政事務所,建築及設備,其他設備,622855
民政局主管,大同區戶政事務所,建築及設備,營建工程,0
民政局主管,南港區戶政事務所,一般行政,行政管理,7115001
民政局主管,南港區戶政事務所,戶政業務,戶籍登記及管理,31339204
民政局主管,南港區戶政事務所,建築及設備,其他設備,637745
民政局主管,南港區戶政事務所,建築及設備,營建工程,0
民政局主管,內湖區戶政事務所,一般行政,行政管理,9053563
民政局主管,內湖區戶政事務所,戶政業務,戶籍登記及管理,52296732
民政局主管,內湖區戶政事務所,建築及設備,營建工程,731217
民政局主管,內湖區戶政事務所,建築及設備,其他設備,673500
民政局主管,士林區戶政事務所,一般行政,行政管理,7838396
民政局主管,士林區戶政事務所,戶政業務,戶籍登記及管理,69059054
民政局主管,士林區戶政事務所,建築及設備,其他設備,312384
民政局主管,北投區戶政事務所,一般行政,行政管理,8779619
民政局主管,北投區戶政事務所,戶政業務,戶籍登記及管理,54538492
民政局主管,北投區戶政事務所,建築及設備,其他設備,485299
民政局主管,萬華區戶政事務所,一般行政,行政管理,10342525
民政局主管,萬華區戶政事務所,戶政業務,戶籍登記及管理,54405979
民政局主管,萬華區戶政事務所,建築及設備,其他設備,339978
民政局主管,萬華區戶政事務所,建築及設備,交通及運輸設備,0
民政局主管,文山區戶政事務所,一般行政,行政管理,11940081
民政局主管,文山區戶政事務所,戶政業務,戶籍登記及管理,58895487
民政局主管,文山區戶政事務所,建築及設備,營建工程,6630765
民政局主管,文山區戶政事務所,建築及設備,其他設備,532000
財政局主管,財政局,一般行政,行政管理,81273939
財政局主管,財政局,財政行政,財政管理,480003103
財政局主管,財政局,財政行政,電子資料處理,20037257
財政局主管,財政局,債務付息,債務付息,2419648273
財政局主管,財政局,債務管理,債務管理,3255000
財政局主管,財政局,建築及設備,土地購置,6144837
財政局主管,財政局,建築及設備,營建工程,22844561
財政局主管,財政局,建築及設備,交通及運輸設備,2893440
財政局主管,財政局,建築及設備,其他設備,2271000
財政局主管,財政局,第一預備金,第一預備金,4000000
財政局主管,稅捐稽徵處,一般行政,行政管理,166102705
財政局主管,稅捐稽徵處,稅捐稽徵業務,財產稅稽徵,366667446
財政局主管,稅捐稽徵處,稅捐稽徵業務,機會稅稽徵,66637745
財政局主管,稅捐稽徵處,稅捐稽徵業務,稅務管理,217233609
財政局主管,稅捐稽徵處,稅捐稽徵業務,違章及行政救濟,16232934
財政局主管,稅捐稽徵處,稅捐稽徵業務,電子資料處理,83767700
財政局主管,稅捐稽徵處,建築及設備,土地購置,100000
財政局主管,稅捐稽徵處,建築及設備,營建工程,7107397
財政局主管,稅捐稽徵處,建築及設備,其他設備,2407780
財政局主管,稅捐稽徵處,建築及設備,交通及運輸設備,0
教育局主管,教育局,教育資源管理,各項教育業務,48084401086
教育局主管,教育局,教育資源管理,各項教育建設工程及,4525667329
教育局主管,教育局,作業基金,校務發展基金,101300000
教育局主管,教育局,第一預備金,第一預備金,10000000
教育局主管,市立圖書館,一般行政,行政管理,72587313
教育局主管,市立圖書館,圖書總館業務,圖書採編,38424298
教育局主管,市立圖書館,圖書總館業務,閱覽典藏,43865737
教育局主管,市立圖書館,圖書總館業務,諮詢服務,9095889
教育局主管,市立圖書館,圖書總館業務,社教推廣,15046041
教育局主管,市立圖書館,圖書總館業務,視聽業務,5790019
教育局主管,市立圖書館,圖書總館業務,資訊業務,21024018
教育局主管,市立圖書館,圖書分館業務,圖書分館工作,273859896
教育局主管,市立圖書館,建築及設備,營建工程,66739308
教育局主管,市立圖書館,建築及設備,其他設備,111106365
教育局主管,市立動物園,一般行政,行政管理,51813029
教育局主管,市立動物園,動物園業務,動物保育展示,174032276
教育局主管,市立動物園,動物園業務,環境生態保育,63955559
教育局主管,市立動物園,動物園業務,教育推廣,45249067
教育局主管,市立動物園,動物園業務,動物醫療保健,24831510
教育局主管,市立動物園,動物園業務,遊客服務,74177634
教育局主管,市立動物園,動物園業務,機械及設備維護,85278818
教育局主管,市立動物園,建築及設備,營建工程,85155677
教育局主管,市立動物園,建築及設備,交通及運輸設備,34806000
教育局主管,市立動物園,建築及設備,其他設備,27211580
教育局主管,市立天文科學教育館,一般行政,行政管理,79321843
教育局主管,市立天文科學教育館,天文業務,研究教育,8105310
教育局主管,市立天文科學教育館,天文業務,推廣教育,15202833
教育局主管,市立天文科學教育館,天文業務,展示教育,29887318
教育局主管,市立天文科學教育館,天文業務,視聽教育,30208268
教育局主管,市立天文科學教育館,建築及設備,營建工程,46184220
教育局主管,市立天文科學教育館,建築及設備,其他設備,7940455
教育局主管,家庭教育中心,一般行政,行政管理,4797299
教育局主管,家庭教育中心,推展家庭教育,推展家庭教育,23288910
教育局主管,家庭教育中心,建築及設備,其他設備,327647
教育局主管,青少年發展處,一般行政,行政管理,101664928
教育局主管,青少年發展處,發展處業務,綜合企劃,4876068
教育局主管,青少年發展處,發展處業務,交流服務,8396746
教育局主管,青少年發展處,發展處業務,推廣教育,11918040
教育局主管,青少年發展處,發展處業務,場館營運,12455668
教育局主管,青少年發展處,建築及設備,營建工程,12148761
教育局主管,青少年發展處,建築及設備,其他設備,2916920
產業發展局主管,產業發展局,一般行政,行政管理,85097247
產業發展局主管,產業發展局,工商科技產業管理,工商輔導及管理,74103715
產業發展局主管,產業發展局,工商科技產業管理,科技產業輔導及管理,106987834
產業發展局主管,產業發展局,公用事業,水電公用天然氣事業,46708244
產業發展局主管,產業發展局,農業發展,農業發展,117325981
產業發展局主管,產業發展局,農民福利業務,農民福利,113691336
產業發展局主管,產業發展局,農民健保業務,農民健保,9169351
產業發展局主管,產業發展局,接受補助業務支出,接受中央各部會補助,4540000
產業發展局主管,產業發展局,建築及設備,營建工程,83378000
產業發展局主管,產業發展局,建築及設備,交通及運輸設備,0
產業發展局主管,產業發展局,建築及設備,其他設備,2068200
產業發展局主管,產業發展局,第一預備金,第一預備金,9000000
產業發展局主管,動物保護處,一般行政,行政管理,25607321
產業發展局主管,動物保護處,動物防疫,動物防疫檢驗及藥物,14608644
產業發展局主管,動物保護處,動物保護,動物保護與管理,103267979
產業發展局主管,動物保護處,產業保育,產業輔導與動物保育,20934951
產業發展局主管,動物保護處,建築及設備,營建工程,31651500
產業發展局主管,動物保護處,建築及設備,其他設備,4157330
產業發展局主管,動物保護處,建築及設備,交通及運輸設備,0
產業發展局主管,市場處,一般行政,行政管理,311701751
產業發展局主管,市場處,批發市場管理與供銷,批發市場管理,26691986
產業發展局主管,市場處,建築及設備,營建工程,370141549
產業發展局主管,市場處,建築及設備,交通及運輸設備,189000
產業發展局主管,市場處,建築及設備,其他設備,1291012
產業發展局主管,市場處,作業基金,市場發展基金,200000000
產業發展局主管,商業處,一般行政,行政管理,40279271
產業發展局主管,商業處,商業登記,商業登記管理,16761849
產業發展局主管,商業處,公司管理,公司管理,10379456
產業發展局主管,商業處,商業管理,商業管理,18372429
產業發展局主管,商業處,商業行政,商業行政及商業輔導,110148256
產業發展局主管,商業處,建築及設備,其他設備,1487990
產業發展局主管,商業處,建築及設備,交通及運輸設備,0
工務局主管,工務局,一般行政,行政管理,109901176
工務局主管,工務局,工務行政,工務管理,106660502
工務局主管,工務局,建築及設備,其他設備,2429600
工務局主管,工務局,建築及設備,營建工程,0
工務局主管,工務局,用地補償,公共用地補償,1455779174
工務局主管,工務局,第一預備金,第一預備金,10000000
工務局主管,水利工程處,一般行政,行政管理,409659686
工務局主管,水利工程處,水利行政,水利管理及維護,787108440
工務局主管,水利工程處,建築及設備,交通及運輸設備,1030000
工務局主管,水利工程處,建築及設備,其他設備,6050401
工務局主管,水利工程處,建築及設備,營建工程,0
工務局主管,水利工程處,環境衛生及河川工程,河川工程,970009130
工務局主管,水利工程處,環境衛生及河川工程,雨水下水道工程,458500000
工務局主管,新建工程處,一般行政,行政管理,278462245
工務局主管,新建工程處,工務行政,工程管理,727364034
工務局主管,新建工程處,建築及設備,營建工程,91939878
工務局主管,新建工程處,建築及設備,交通及運輸設備,1100000
工務局主管,新建工程處,建築及設備,其他設備,6522370
工務局主管,新建工程處,道路橋樑工程,道路及橋樑工程,3562000834
工務局主管,公園路燈工程管理處,一般行政,行政管理,559436282
工務局主管,公園路燈工程管理處,公園綠地及園藝管理,公園綠地及園藝維護,1232377116
工務局主管,公園路燈工程管理處,路燈管理,路燈維護,392775970
工務局主管,公園路燈工程管理處,建築及設備,營建工程,24325650
工務局主管,公園路燈工程管理處,建築及設備,交通及運輸設備,26025000
工務局主管,公園路燈工程管理處,建築及設備,其他設備,13229535
工務局主管,公園路燈工程管理處,公園綠化及風景區工程,公園及綠化工程,1199073405
工務局主管,公園路燈工程管理處,路燈工程,路燈整建及新設工程,207681818
工務局主管,衛生下水道工程處,一般行政,行政管理,115931285
工務局主管,衛生下水道工程處,營運管理,衛生下水道營運及管,149754236
工務局主管,衛生下水道工程處,營運管理,管線維護,100259656
工務局主管,衛生下水道工程處,營運管理,污水處理,556999101
工務局主管,衛生下水道工程處,營運管理,淡水河系污水下水道,297121632
工務局主管,衛生下水道工程處,建築及設備,土地購置,111509000
工務局主管,衛生下水道工程處,建築及設備,營建工程,86204800
工務局主管,衛生下水道工程處,建築及設備,交通及運輸設備,1839000
工務局主管,衛生下水道工程處,建築及設備,其他設備,3333600
工務局主管,衛生下水道工程處,環境衛生及河川工程,衛生下水道工程,1393345322
工務局主管,大地工程處,一般行政,行政管理,54911271
工務局主管,大地工程處,山坡地管理,山坡地管理及維護,220219958
工務局主管,大地工程處,建築及設備,營建工程,2296974
工務局主管,大地工程處,建築及設備,交通及運輸設備,1665000
工務局主管,大地工程處,建築及設備,其他設備,1013950
工務局主管,大地工程處,道路橋樑工程,道路及橋樑工程,270867550
工務局主管,大地工程處,環境衛生及河川工程,水土保持工程,245407750
工務局主管,大地工程處,公園綠化及風景區工程,山坡地遊憩設施工程,125172243
交通局主管,交通局,一般行政,行政管理,71104580
交通局主管,交通局,運輸規劃與交通管理,綜合規劃,19004499
交通局主管,交通局,運輸規劃與交通管理,交通治理,19712549
交通局主管,交通局,運輸規劃與交通管理,運輸資訊業務,21671654
交通局主管,交通局,運輸管理,運輸管理,282030981
交通局主管,交通局,運輸管理,交通安全,20435832
交通局主管,交通局,建築及設備,營建工程,84129
交通局主管,交通局,建築及設備,其他設備,6223763
交通局主管,交通局,建築及設備,交通及運輸設備,0
交通局主管,交通局,第一預備金,第一預備金,10000000
交通局主管,交通局,接受補助業務支出,接受中央各部會補助,0
交通局主管,停車管理工程處,一般行政,行政管理,28372528
交通局主管,停車管理工程處,停車管理業務,企劃與設施業務,29561998
交通局主管,停車管理工程處,停車管理業務,營運與管理業務,34901481
交通局主管,停車管理工程處,建築及設備,營建工程,4539135
交通局主管,停車管理工程處,建築及設備,其他設備,603000
交通局主管,交通管制工程處,一般行政,行政管理,48529890
交通局主管,交通管制工程處,交通規劃,交通管理規劃,20087247
交通局主管,交通管制工程處,交通管制設施設置,管制設施設計與維護,205631938
交通局主管,交通管制工程處,交通控制管理,交通控制管理,85665527
交通局主管,交通管制工程處,建築及設備,營建工程,3103846
交通局主管,交通管制工程處,建築及設備,交通及運輸設備,550000
交通局主管,交通管制工程處,建築及設備,其他設備,789450
交通局主管,交通管制工程處,交通改善工程,交通改善工程,281515573
交通局主管,公共運輸處,一般行政,行政管理,49239678
交通局主管,公共運輸處,運輸業管理,綜合規劃,249783644
交通局主管,公共運輸處,運輸業管理,大眾運輸管理,2299455254
交通局主管,公共運輸處,運輸業管理,一般運輸業管理,210698617
交通局主管,公共運輸處,運輸業管理,稽查業務,23701633
交通局主管,公共運輸處,運輸業管理,公車處資產負債清理,1200000000
交通局主管,公共運輸處,運輸業管理,智慧運輸管理,100448811
交通局主管,公共運輸處,交通福利業務,身心障礙者交通福利,196143072
交通局主管,公共運輸處,建築及設備,土地購置,193191730
交通局主管,公共運輸處,建築及設備,營建工程,145271875
交通局主管,公共運輸處,建築及設備,其他設備,33764900
交通局主管,公共運輸處,建築及設備,交通及運輸設備,0
交通局主管,公共運輸處,接受補助業務支出,接受中央各部會補助,600000
交通局主管,交通事件裁決所,一般行政,行政管理,59514872
交通局主管,交通事件裁決所,交通裁罰業務,案件管理,26307433
交通局主管,交通事件裁決所,交通裁罰業務,違規裁罰,27878799
交通局主管,交通事件裁決所,交通裁罰業務,違規申訴,18043456
交通局主管,交通事件裁決所,交通裁罰業務,積案催收,45640423
交通局主管,交通事件裁決所,交通裁罰業務,肇事鑑定,8934902
交通局主管,交通事件裁決所,交通裁罰業務,電子處理資料業務,18124813
交通局主管,交通事件裁決所,建築及設備,營建工程,3826615
交通局主管,交通事件裁決所,建築及設備,其他設備,5076120
交通局主管,交通事件裁決所,建築及設備,交通及運輸設備,0
社會局主管,社會局,一般行政,行政管理,161355729
社會局主管,社會局,人民團體輔導,人民團體輔導,29142075
社會局主管,社會局,經濟安全及平宅服務業,經濟安全,8954310922
社會局主管,社會局,經濟安全及平宅服務業,平價住宅服務,33633603
社會局主管,社會局,身心障礙福利業務,身心障礙福利,1182558953
社會局主管,社會局,老人福利業務,老人福利,2055776592
社會局主管,社會局,婦女福利及兒童托育業,兒童托育,52276594
社會局主管,社會局,婦女福利及兒童托育業,婦女福利,37881335
社會局主管,社會局,兒童及少年福利業務,兒童及少年福利,136310470
社會局主管,社會局,綜合企劃業務,綜合企劃業務,17305558
社會局主管,社會局,社會工作業務,社會工作專業服務,163255824
社會局主管,社會局,老人自費安養業務,老人安養服務,45589987
社會局主管,社會局,社會保險業務,社會保險,652386400
社會局主管,社會局,建築及設備,營建工程,343559151
社會局主管,社會局,建築及設備,交通及運輸設備,676000
社會局主管,社會局,建築及設備,其他設備,12615275
社會局主管,社會局,作業基金,臺北市社會福利發展,18000000
社會局主管,社會局,第一預備金,第一預備金,7000000
社會局主管,陽明教養院,一般行政,行政管理,68184971
社會局主管,陽明教養院,院民教養,院民社會工作,202073395
社會局主管,陽明教養院,保健醫療業務,保健醫療,26918457
社會局主管,陽明教養院,建築及設備,其他設備,2330350
社會局主管,陽明教養院,建築及設備,營建工程,0
社會局主管,浩然敬老院,一般行政,行政管理,49706693
社會局主管,浩然敬老院,院民教養,院民社會工作,14342937
社會局主管,浩然敬老院,院民教養,院民安養服務,130124919
社會局主管,浩然敬老院,保健醫療業務,保健醫療,54287550
社會局主管,浩然敬老院,建築及設備,營建工程,2869220
社會局主管,浩然敬老院,建築及設備,其他設備,2856172
社會局主管,浩然敬老院,建築及設備,交通及運輸設備,0
社會局主管,家庭暴力暨性侵害防治中,一般行政,行政管理,20003984
社會局主管,家庭暴力暨性侵害防治中,家庭暴力暨性侵害防治,家庭暴力暨性侵害防,201278219
社會局主管,家庭暴力暨性侵害防治中,建築及設備,營建工程,66824997
社會局主管,家庭暴力暨性侵害防治中,建築及設備,其他設備,2682801
勞動局主管,勞動局,一般行政,行政管理,83683074
勞動局主管,勞動局,和諧勞資關係,工會組織及勞動權益,128341165
勞動局主管,勞動局,勞工保險業務,勞健保勞工保險費補,4472886634
勞動局主管,勞動局,就業促進措施,就業安全,15406821
勞動局主管,勞動局,勞動教育文化,勞動教育文化,44347910
勞動局主管,勞動局,接受補助業務支出,接受中央各部會補助,35632256
勞動局主管,勞動局,建築及設備,營建工程,15795620
勞動局主管,勞動局,建築及設備,其他設備,1191446
勞動局主管,勞動局,第一預備金,第一預備金,2550000
勞動局主管,就業服務處,一般行政,行政管理,30414679
勞動局主管,就業服務處,就業服務,就業輔導,50696664
勞動局主管,就業服務處,就業服務,就業促進,17330573
勞動局主管,就業服務處,就業服務,就業情報蒐集、整理,12858996
勞動局主管,就業服務處,就業服務,雇主服務,20184386
勞動局主管,就業服務處,建築及設備,營建工程,28340860
勞動局主管,就業服務處,建築及設備,其他設備,999573
勞動局主管,職能發展學院,一般行政,行政管理,78433747
勞動局主管,職能發展學院,職能發展,職能培育,102951196
勞動局主管,職能發展學院,職能發展,職能評量,12658985
勞動局主管,職能發展學院,建築及設備,營建工程,450000
勞動局主管,職能發展學院,建築及設備,其他設備,12207583
勞動局主管,勞動檢查處,一般行政,行政管理,31106584
勞動局主管,勞動檢查處,勞動檢查業務,職業安全衛生,65502493
勞動局主管,勞動檢查處,勞動檢查業務,勞動條件,13292359
勞動局主管,勞動檢查處,建築及設備,營建工程,16412240
勞動局主管,勞動檢查處,建築及設備,其他設備,718272
勞動局主管,勞動檢查處,建築及設備,交通及運輸設備,0
勞動局主管,勞動力重建運用處,一般行政,行政管理,21157716
勞動局主管,勞動力重建運用處,身障就業重建業務,身障就業促進業務,21403959
勞動局主管,勞動力重建運用處,外勞事務管理,外勞諮詢及檢查業務,7175862
勞動局主管,勞動力重建運用處,建築及設備,營建工程,16259160
勞動局主管,勞動力重建運用處,建築及設備,其他設備,136365
警察局主管,警察局,一般行政,行政管理,1878206275
警察局主管,警察局,警政業務,警察勤務,915384699
警察局主管,警察局,警政業務,分局業務,6260064420
警察局主管,警察局,警政業務,大隊業務,2795656147
警察局主管,警察局,警政業務,警隊業務,592321335
警察局主管,警察局,團隊補助,補助義勇警察大隊,36923039
警察局主管,警察局,團隊補助,補助民防團隊,24000000
警察局主管,警察局,團隊補助,補助交通義勇警察大,84975537
警察局主管,警察局,建築及設備,土地購置,36000000
警察局主管,警察局,建築及設備,營建工程,604156922
警察局主管,警察局,建築及設備,交通及運輸設備,93252000
警察局主管,警察局,建築及設備,其他設備,151530654
警察局主管,警察局,第一預備金,第一預備金,28500000
衛生局主管,衛生局,一般行政,行政管理,135498536
衛生局主管,衛生局,疾病管制業務,疾病管制工作,212143651
衛生局主管,衛生局,醫護管理業務,醫護管理工作,114315916
衛生局主管,衛生局,食品藥物管理業務,食品藥物管理工作,102883718
衛生局主管,衛生局,健康管理業務,健康管理工作,144822120
衛生局主管,衛生局,研究發展考核業務,研究發展考核工作,3370013989
衛生局主管,衛生局,檢驗業務,衛生檢驗,29614457
衛生局主管,衛生局,醫療保健福利業務,醫療福利計畫,352539705
衛生局主管,衛生局,建築及設備,營建工程,31322849
衛生局主管,衛生局,建築及設備,交通及運輸設備,1100000
衛生局主管,衛生局,建築及設備,其他設備,57866803
衛生局主管,衛生局,第一預備金,第一預備金,14000000
衛生局主管,松山區健康服務中心,一般行政,行政管理,8715308
衛生局主管,松山區健康服務中心,衛生業務,公共衛生,24504439
衛生局主管,松山區健康服務中心,建築及設備,營建工程,2660596
衛生局主管,松山區健康服務中心,建築及設備,其他設備,318749
衛生局主管,信義區健康服務中心,一般行政,行政管理,12609452
衛生局主管,信義區健康服務中心,衛生業務,公共衛生,25631016
衛生局主管,信義區健康服務中心,建築及設備,營建工程,1216678
衛生局主管,信義區健康服務中心,建築及設備,其他設備,350100
衛生局主管,大安區健康服務中心,一般行政,行政管理,11368299
衛生局主管,大安區健康服務中心,衛生業務,公共衛生,32775875
衛生局主管,大安區健康服務中心,建築及設備,營建工程,58150
衛生局主管,大安區健康服務中心,建築及設備,其他設備,468836
衛生局主管,中山區健康服務中心,一般行政,行政管理,9482511
衛生局主管,中山區健康服務中心,衛生業務,公共衛生,25130487
衛生局主管,中山區健康服務中心,建築及設備,營建工程,304098
衛生局主管,中山區健康服務中心,建築及設備,其他設備,259200
衛生局主管,中正區健康服務中心,一般行政,行政管理,9713212
衛生局主管,中正區健康服務中心,衛生業務,公共衛生,19943298
衛生局主管,中正區健康服務中心,建築及設備,其他設備,222000
衛生局主管,中正區健康服務中心,建築及設備,營建工程,0
衛生局主管,大同區健康服務中心,一般行政,行政管理,7930957
衛生局主管,大同區健康服務中心,衛生業務,公共衛生,19370020
衛生局主管,大同區健康服務中心,建築及設備,其他設備,151519
衛生局主管,萬華區健康服務中心,一般行政,行政管理,10569322
衛生局主管,萬華區健康服務中心,衛生業務,公共衛生,23842140
衛生局主管,萬華區健康服務中心,建築及設備,營建工程,6987000
衛生局主管,萬華區健康服務中心,建築及設備,其他設備,201131
衛生局主管,文山區健康服務中心,一般行政,行政管理,10563374
衛生局主管,文山區健康服務中心,衛生業務,公共衛生,28181601
衛生局主管,文山區健康服務中心,建築及設備,營建工程,6923425
衛生局主管,文山區健康服務中心,建築及設備,其他設備,201300
衛生局主管,南港區健康服務中心,一般行政,行政管理,8712712
衛生局主管,南港區健康服務中心,衛生業務,公共衛生,18206208
衛生局主管,南港區健康服務中心,建築及設備,其他設備,160236
衛生局主管,內湖區健康服務中心,一般行政,行政管理,10454542
衛生局主管,內湖區健康服務中心,衛生業務,公共衛生,27046521
衛生局主管,內湖區健康服務中心,建築及設備,營建工程,389803
衛生局主管,內湖區健康服務中心,建築及設備,其他設備,220900
衛生局主管,士林區健康服務中心,一般行政,行政管理,10701813
衛生局主管,士林區健康服務中心,衛生業務,公共衛生,30234958
衛生局主管,士林區健康服務中心,建築及設備,其他設備,269998
衛生局主管,北投區健康服務中心,一般行政,行政管理,8174388
衛生局主管,北投區健康服務中心,衛生業務,公共衛生,26643530
衛生局主管,北投區健康服務中心,建築及設備,其他設備,209100
衛生局主管,北投區健康服務中心,建築及設備,營建工程,0
環境保護局主管,環境保護局,一般行政,行政管理,174528354
環境保護局主管,環境保護局,公害防治,空氣噪音振動管制,23408909
環境保護局主管,環境保護局,公害防治,水污染防治及病媒環,85121295
環境保護局主管,環境保護局,公害防治,環境檢驗監測暨環評,29570969
環境保護局主管,環境保護局,垃圾處理與清潔維持,垃圾清運暨環境清潔,4247481369
環境保護局主管,環境保護局,垃圾處理與清潔維持,垃圾處理,414274621
環境保護局主管,環境保護局,資源回收與列管公廁,資源垃圾回收與列管,80208405
環境保護局主管,環境保護局,資源回收與列管公廁,公廁管理與整建,64278624
環境保護局主管,環境保護局,環境衛生指導,督導考核與訓練宣導,19151171
環境保護局主管,環境保護局,修車廠業務,汽車修護保養,150252778
環境保護局主管,環境保護局,環境保護回饋,垃圾處理回饋,214029929
環境保護局主管,環境保護局,建築及設備,土地購置,60320100
環境保護局主管,環境保護局,建築及設備,營建工程,53569686
環境保護局主管,環境保護局,建築及設備,交通及運輸設備,5400000
環境保護局主管,環境保護局,建築及設備,其他設備,32980165
環境保護局主管,環境保護局,第一預備金,第一預備金,8100000
環境保護局主管,衛生稽查大隊,一般行政,行政管理,37684987
環境保護局主管,衛生稽查大隊,衛生稽查業務,公害案件取締告發,156980632
環境保護局主管,衛生稽查大隊,建築及設備,營建工程,35926737
環境保護局主管,衛生稽查大隊,建築及設備,交通及運輸設備,1248000
環境保護局主管,衛生稽查大隊,建築及設備,其他設備,1685603
環境保護局主管,內湖垃圾焚化廠,一般行政,行政管理,59440960
環境保護局主管,內湖垃圾焚化廠,垃圾焚化業務,焚化規劃及操作,159028133
環境保護局主管,內湖垃圾焚化廠,建築及設備,其他設備,579398
環境保護局主管,內湖垃圾焚化廠,建築及設備,交通及運輸設備,0
環境保護局主管,內湖垃圾焚化廠,環境衛生及河川工程,垃圾處理工程,33800000
環境保護局主管,木柵垃圾焚化廠,一般行政,行政管理,45617191
環境保護局主管,木柵垃圾焚化廠,垃圾焚化業務,焚化規劃及操作,169758645
環境保護局主管,木柵垃圾焚化廠,建築及設備,其他設備,698410
環境保護局主管,木柵垃圾焚化廠,環境衛生及河川工程,垃圾處理工程,36680000
環境保護局主管,北投垃圾焚化廠,一般行政,行政管理,61810479
環境保護局主管,北投垃圾焚化廠,垃圾焚化業務,焚化規劃及操作,274006088
環境保護局主管,北投垃圾焚化廠,建築及設備,其他設備,852570
環境保護局主管,北投垃圾焚化廠,建築及設備,交通及運輸設備,0
環境保護局主管,北投垃圾焚化廠,環境衛生及河川工程,垃圾處理工程,36680000
都市發展局主管,都市發展局,一般行政,行政管理,190588009
都市發展局主管,都市發展局,都市發展,都市發展規劃,163137732
都市發展局主管,都市發展局,建築管理,建築管理審核及督導,21748823
都市發展局主管,都市發展局,建築及設備,其他設備,22959418
都市發展局主管,都市發展局,建築及設備,營建工程,0
都市發展局主管,都市發展局,住宅補貼,住宅業務補貼,448680893
都市發展局主管,都市發展局,作業基金,住宅基金,1943788000
都市發展局主管,都市發展局,接受補助業務支出,接受中央各部會補助,2000000
都市發展局主管,都市發展局,第一預備金,第一預備金,2300000
都市發展局主管,都市更新處,一般行政,行政管理,58489660
都市發展局主管,都市更新處,都市發展,都市更新,64048286
都市發展局主管,都市更新處,建築及設備,其他設備,2997900
都市發展局主管,都市更新處,建築及設備,營建工程,0
都市發展局主管,都市更新處,建築及設備,交通及運輸設備,0
都市發展局主管,建築管理工程處,一般行政,行政管理,75900911
都市發展局主管,建築管理工程處,建管業務,建築管理及違建處理,474759077
都市發展局主管,建築管理工程處,建築及設備,營建工程,22958661
都市發展局主管,建築管理工程處,建築及設備,交通及運輸設備,504000
都市發展局主管,建築管理工程處,建築及設備,其他設備,5389300
文化局主管,文化局,一般行政,行政管理,70021252
文化局主管,文化局,綜合計畫,文化環境之規劃,503405054
文化局主管,文化局,文化資產之保存,文化資產之維護與活,90847109
文化局主管,文化局,藝文工作之推動,藝文工作之策劃與推,571376735
文化局主管,文化局,社區文化之推動,社區文化生活之推動,81751429
文化局主管,文化局,文化設施之整建,文化設施興建及文化,20402867
文化局主管,文化局,建築及設備,營建工程,322954496
文化局主管,文化局,建築及設備,其他設備,4329488
文化局主管,文化局,建築及設備,交通及運輸設備,0
文化局主管,文化局,作業基金,臺北市文化設施發展,150000000
文化局主管,文化局,第一預備金,第一預備金,8250000
文化局主管,文化局,臺北文化藝術設施之推,臺北文化藝術設施籌,0
文化局主管,中山堂管理所,一般行政,行政管理,17526492
文化局主管,中山堂管理所,會場業務,會場管理,56825429
文化局主管,中山堂管理所,建築及設備,營建工程,6594459
文化局主管,中山堂管理所,建築及設備,其他設備,76787
文化局主管,文獻委員會,一般行政,行政管理,15033507
文化局主管,文獻委員會,文獻編纂,文獻編印,4772024
文化局主管,文獻委員會,文獻編纂,文獻整理運用,11683490
文化局主管,文獻委員會,文獻編纂,史蹟教育及推廣,8086280
文化局主管,文獻委員會,建築及設備,其他設備,4364375
文化局主管,文獻委員會,建築及設備,營建工程,0
文化局主管,文獻委員會,建築及設備,交通及運輸設備,0
文化局主管,市立美術館,一般行政,行政管理,80113380
文化局主管,市立美術館,美術館業務,美術展覽,140219516
文化局主管,市立美術館,美術館業務,美術品典藏及維護,15846912
文化局主管,市立美術館,美術館業務,推廣美術教育,60446953
文化局主管,市立美術館,美術館業務,研究美術學術,16273907
文化局主管,市立美術館,美術館業務,機械及設備維護,31944721
文化局主管,市立美術館,建築及設備,其他設備,46107958
文化局主管,市立美術館,建築及設備,營建工程,0
文化局主管,市立美術館,建築及設備,交通及運輸設備,0
文化局主管,市立交響樂團,一般行政,行政管理,27674164
文化局主管,市立交響樂團,交響樂團業務,演奏業務,181378233
文化局主管,市立交響樂團,交響樂團業務,研究與推廣,19899750
文化局主管,市立交響樂團,建築及設備,其他設備,2365275
文化局主管,市立交響樂團,建築及設備,營建工程,0
文化局主管,市立國樂團,一般行政,行政管理,20548108
文化局主管,市立國樂團,國樂團業務,國樂發展,145849315
文化局主管,市立國樂團,建築及設備,其他設備,3043450
文化局主管,市立國樂團,建築及設備,交通及運輸設備,0
文化局主管,市立社會教育館,一般行政,行政管理,28382599
文化局主管,市立社會教育館,社教館業務,社教業務,148760276
文化局主管,市立社會教育館,社教館業務,活動中心管理,43788890
文化局主管,市立社會教育館,建築及設備,營建工程,44061998
文化局主管,市立社會教育館,建築及設備,其他設備,1228300
消防局主管,消防局,一般行政,行政管理,310448327
消防局主管,消防局,消防業務,災害防救業務,119952202
消防局主管,消防局,消防業務,消防工作,515976490
消防局主管,消防局,消防業務,大隊救災救護業務,1589224616
消防局主管,消防局,接受補助業務支出,接受中央各部會補助,4064000
消防局主管,消防局,建築及設備,土地購置,22863000
消防局主管,消防局,建築及設備,營建工程,76763689
消防局主管,消防局,建築及設備,交通及運輸設備,119974000
消防局主管,消防局,建築及設備,其他設備,116575854
消防局主管,消防局,接受補助建設支出,接受中央各部會補助,2799600
消防局主管,消防局,第一預備金,第一預備金,4300000
臺北翡翠水庫管理局主管,臺北翡翠水庫管理局,一般行政,行政管理,66541005
臺北翡翠水庫管理局主管,臺北翡翠水庫管理局,水庫管理,水庫管理,171111509
臺北翡翠水庫管理局主管,臺北翡翠水庫管理局,建築及設備,營建工程,38860000
臺北翡翠水庫管理局主管,臺北翡翠水庫管理局,建築及設備,交通及運輸設備,1095000
臺北翡翠水庫管理局主管,臺北翡翠水庫管理局,建築及設備,其他設備,39016850
臺北翡翠水庫管理局主管,臺北翡翠水庫管理局,臺北水源特定區設施,臺北水源特定區設施,1000
臺北翡翠水庫管理局主管,臺北翡翠水庫管理局,第一預備金,第一預備金,600000
觀光傳播局主管,觀光傳播局,一般行政,行政管理,43737064
觀光傳播局主管,觀光傳播局,綜合行銷,市政及觀光綜合行銷,81149340
觀光傳播局主管,觀光傳播局,觀光旅遊規劃與管理,觀光政策發展及規劃,84439169
觀光傳播局主管,觀光傳播局,觀光旅遊規劃與管理,觀光產業管理業務,47791115
觀光傳播局主管,觀光傳播局,觀光旅遊規劃與管理,城市旅遊規劃與推廣,75564382
觀光傳播局主管,觀光傳播局,出版及媒體輔導管理,行銷出版暨媒體服務,66589192
觀光傳播局主管,觀光傳播局,出版及媒體輔導管理,傳播事業輔導及管理,30506490
觀光傳播局主管,觀光傳播局,視聽資訊業務,視聽製作及資訊業務,11433127
觀光傳播局主管,觀光傳播局,建築及設備,營建工程,15105200
觀光傳播局主管,觀光傳播局,建築及設備,其他設備,2702500
觀光傳播局主管,觀光傳播局,建築及設備,交通及運輸設備,0
觀光傳播局主管,觀光傳播局,第一預備金,第一預備金,1800000
觀光傳播局主管,臺北廣播電臺,一般行政,行政管理,14458533
觀光傳播局主管,臺北廣播電臺,廣播業務,節目及工務管理,34181964
觀光傳播局主管,臺北廣播電臺,建築及設備,其他設備,636114
觀光傳播局主管,臺北廣播電臺,建築及設備,營建工程,0
地政局主管,地政局,一般行政,行政管理,88430906
地政局主管,地政局,地政業務,實施平均地權與不動,273353071
地政局主管,地政局,建築及設備,其他設備,6109455
地政局主管,地政局,建築及設備,營建工程,0
地政局主管,地政局,第一預備金,第一預備金,2000000
地政局主管,土地開發總隊,一般行政,行政管理,44603018
地政局主管,土地開發總隊,促進土地利用,土地開發,39439402
地政局主管,土地開發總隊,地籍管理,地籍測量,63838660
地政局主管,土地開發總隊,建築及設備,其他設備,1710500
地政局主管,土地開發總隊,建築及設備,交通及運輸設備,0
地政局主管,松山地政事務所,一般行政,行政管理,37331491
地政局主管,松山地政事務所,地籍管理,地籍登記測量及管理,84011582
地政局主管,松山地政事務所,建築及設備,交通及運輸設備,545000
地政局主管,松山地政事務所,建築及設備,其他設備,1278749
地政局主管,大安地政事務所,一般行政,行政管理,31013765
地政局主管,大安地政事務所,地籍管理,地籍登記測量及管理,65212294
地政局主管,大安地政事務所,建築及設備,營建工程,3709588
地政局主管,大安地政事務所,建築及設備,交通及運輸設備,545000
地政局主管,大安地政事務所,建築及設備,其他設備,2105921
地政局主管,中山地政事務所,一般行政,行政管理,35895108
地政局主管,中山地政事務所,地籍管理,地籍登記測量及管理,80443279
地政局主管,中山地政事務所,建築及設備,營建工程,71509
地政局主管,中山地政事務所,建築及設備,交通及運輸設備,545000
地政局主管,中山地政事務所,建築及設備,其他設備,1803628
地政局主管,古亭地政事務所,一般行政,行政管理,30599579
地政局主管,古亭地政事務所,地籍管理,地籍登記測量及管理,64973648
地政局主管,古亭地政事務所,建築及設備,營建工程,757986
地政局主管,古亭地政事務所,建築及設備,交通及運輸設備,545000
地政局主管,古亭地政事務所,建築及設備,其他設備,1685372
地政局主管,建成地政事務所,一般行政,行政管理,31550177
地政局主管,建成地政事務所,地籍管理,地籍登記測量及管理,58519983
地政局主管,建成地政事務所,建築及設備,其他設備,1448600
地政局主管,建成地政事務所,建築及設備,交通及運輸設備,0
地政局主管,士林地政事務所,一般行政,行政管理,33614141
地政局主管,士林地政事務所,地籍管理,地籍登記測量及管理,91539853
地政局主管,士林地政事務所,建築及設備,交通及運輸設備,1090000
地政局主管,士林地政事務所,建築及設備,其他設備,979494
兵役局主管,兵役局,一般行政,行政管理,77220399
兵役局主管,兵役局,役政業務,兵調體檢業務,14162609
兵役局主管,兵役局,役政業務,徵集勤務業務,28272624
兵役局主管,兵役局,役政業務,權益編管業務,52556091
兵役局主管,兵役局,役政業務,替代役業務,12414582
兵役局主管,兵役局,建築及設備,營建工程,16947814
兵役局主管,兵役局,建築及設備,交通及運輸設備,545000
兵役局主管,兵役局,建築及設備,其他設備,2359045
兵役局主管,兵役局,第一預備金,第一預備金,1000000
臺北自來水事業處主管,臺北自來水事業處,一般行政,行政管理,1300000
臺北自來水事業處主管,臺北自來水事業處,建築及設備,營建工程,55400000
臺北自來水事業處主管,臺北自來水事業處,營業基金,臺北自來水事業處資,161777378
體育局主管,體育局,一般行政,行政管理,184368341
體育局主管,體育局,體育業務,體育發展,46108457
體育局主管,體育局,體育業務,運動設施管理維謢,137193580
體育局主管,體育局,體育業務,體育活動推展,477803673
體育局主管,體育局,體育業務,2017世大運籌備,2994993278
體育局主管,體育局,建築及設備,營建工程,21774288
體育局主管,體育局,建築及設備,其他設備,45464706
體育局主管,體育局,第一預備金,第一預備金,9757000
體育局主管,體育局,接受補助建設支出,接受中央各部會補助,551911865
資訊局主管,資訊局,一般行政,行政管理,28892770
資訊局主管,資訊局,資訊管理業務,資訊管理、推動及應,494201685
資訊局主管,資訊局,建築及設備,營建工程,550000
資訊局主管,資訊局,建築及設備,其他設備,69627332
資訊局主管,資訊局,建築及設備,交通及運輸設備,0
資訊局主管,資訊局,第一預備金,第一預備金,600000
法務局主管,法務局,一般行政,行政管理,36208395
法務局主管,法務局,訴願審議業務,辦理人民訴願,44370087
法務局主管,法務局,法規業務,法規整編及法令研究,32444339
法務局主管,法務局,國家賠償業務,賠償審議,2108635
法務局主管,法務局,消保業務,消保爭議及綜合業務,24384217
法務局主管,法務局,採購爭議處理,採購爭議處理,10060497
法務局主管,法務局,建築及設備,營建工程,31868
法務局主管,法務局,建築及設備,其他設備,955303
法務局主管,法務局,第一預備金,第一預備金,820000
捷運工程局主管,捷運工程局,一般行政,行政管理,10000
捷運工程局主管,捷運工程局,捷運系統工程,捷運系統工程,0
其他支出,公務人員退休及撫卹給付,公務人員退休及撫卹給,公務人員退休及撫卹,5187898417
其他支出,公務人員福利互助補助,公務人員福利互助補助,公務人員福利互助補,666366359
其他支出,國家賠償金,國家賠償金,國家賠償金,35000000
其他支出,公務人員(工)待遇準備,公務人員(工)待遇準備,公務人員(工)待遇準,300000000
其他支出,災害準備金,災害準備金,災害準備金,700000000
第二預備金,第二預備金,第二預備金,第二預備金,1500000000
